phone;password;name;gender;email;address;isAdmin;isLocked
8787887636;nC3@z&uKXJ;Graehme Giffon;Other;ggiffon0@wired.com;28 Pine View Hill;true;false
4826548630;gE7,b;Alane McCullouch;Female;amccullouch1@imgur.com;3 Sugar Plaza;true;false
2223868021;wM5`hGh&*;Melony Hulcoop;Female;mhulcoop2@nytimes.com;35217 Schurz Parkway;false;false
6227898268;uH4#(=j./;Lenard Ateridge;Female;lateridge3@mozilla.org;20 Glacier Hill Avenue;false;false
7393193348;tX7#|g#LP;Casi Ainley;Female;cainley4@redcross.org;89908 Summit Plaza;false;false
6251725090;fL2@mqkw|Z;Giacinta Coey;Male;gcoey5@noaa.gov;2 Upham Junction;false;false
8321027390;gW4/%;Ilka Geeves;Other;igeeves6@odnoklassniki.ru;32 Sundown Park;false;false
4654441932;kL7)IMr#;Angel Annakin;Other;aannakin7@wired.com;58990 Ronald Regan Street;false;false
9138407685;mJ4@DzD;Dalton Thornbarrow;Other;dthornbarrow8@statcounter.com;120 Mariners Cove Crossing;false;false
3168247064;zM2.'8mw;Laina Rennock;Male;lrennock9@tiny.cc;556 Duke Pass;false;true
8859756391;fW4&3{;Rhona Lightowlers;Other;rlightowlersa@adobe.com;362 Gerald Crossing;false;true
2773167281;yC8(f;Robin Attaway;Other;rattawayb@cbc.ca;8 Carey Trail;true;true